num_genres,primaryTitle,genres,originalTitle,isAdult,release_year_int,runtimeMinutes,Directors,Writers,num_of_crew,crews,num_of_cast,casts,original_language,release_date,overview,company_name,keywords_name,top_10_cast_popularity,top_10_crew_popularity,top_10_crew_popularity_mean,top_10_cast_popularity_mean,tagline,homepage,belongs_to_collection
4,Driving Into The Ocean,"['Documentary', 'History', 'Music', 'War']",Driving Into The Ocean,1,2004.0,118.47397420796264,"['Nathan Rulf', 'Eric Deroo', 'Nitheesh K. Nair']","['Yoshinori Kitase', 'Nanase Ôkawa', 'Kazuki Takahashi']",9,"['Richard Hyland', 'Colm Tóibín', 'Jason Rosamond', 'Dani Fontrodona', 'Joana Gatis', 'Tom C. Peitzman', 'Stephen Huszar', 'Stephen Hopkins', 'Alan Ritchson']",8,"['Sai Bennett', 'Ritu Arya', 'Zooey Deschanel', 'Kristin Chenoweth', 'Alexander Held', 'Anita Ekberg', 'Adam Demos', 'Leo Burmester']",en,2021/04/09,"Don Casto is a widower who spends most of his evenings carousing at nightclubs while, behind his back and much to his annoyance, Ramon courts his daughter Paquita. One of the vaudeville acts that Don Casto particularly admires is Ramper the Clown. However, when the clown removes his make-up he becomes Ramon. The young couple now try to trick the father into accepting their engagement.",Laguna Films (II),"['blindfold', 'high school graduation']","[3.3070000000000004, 6.663, 5.58509090909091, 3.470238095238096, 2.8181111111111115, 5.693, 3.954, 2.43]","[1.38, 1.38, 1.4, 1.807, 2.274, 1.51, 2.502, 1.3193333333333332, 5.2115]",2.0870925925925925,4.240055014430015,The only way to find out what you love is to risk everything you have.,http://realityfilms.net/,Meet the Parents Collection
4,Answering The Ashes,"['History', 'War', 'Documentary', 'Music']",Answering The Ashes,1,2000.0,73.53083541419169,"['Bill Marin', 'Jeanette Kong', 'Moshe Alpert']","['Mattson Tomlin', 'Sean Macaulay', 'Robert Kuhn']",7,"['Lloyd A. Simandl', 'Casey Grant', 'David Roessell', 'Akira Kurosawa', 'Philip Morton', 'Aksel Hennie', 'Edmond Rostand']",6,"['Tamara Smart', 'Momo Asakura', 'Abby Lee Brazil', 'Bill Camp', 'Patrick Ridremont', 'Chris Potter']",en,2021/04/09,"When Maggie's sister Jenna saddles her with an autistic newborn named Cody she touches Maggie's heart and becomes the daughter she has always longed for. But six years later Jenna suddenly re-enters her life and, with her mysterious new husband, Eric Stark, abducts Cody. Despite the fact that Maggie has no legal rights to Cody, FBI agent John Travis takes up her cause when he realizes that Cody shares the same birth date as several other recently murdered children.",Golden Eagle,"['confusion', 'social outcast']","[7.96, 4.55, 3.487, 4.8163125, 2.4451428571428573, 2.5403999999999995]","[1.8573, 1.4, 1.38, 5.171, 1.4, 1.744, 1.4]",2.0503285714285715,4.299809226190477,Sometimes you can assassinate a leader without firing a shot.,None,None
1,Forsaken By Nature,['History'],Forsaken By Nature,0,2014.0,116.53601998687517,"['Ruth Thomas-Suh', 'Artem Koker', 'Luís Alves de Matos']","['Heather Robinson', 'Anna Tchernakova', 'Kevin Powers']",2,"['Ramūnas Rudokas', 'Mercedes Gamero']",4,"['Katrina Durden', 'Chelsea Hobbs', 'Russell Tovey', 'Kyle Gatehouse']",en,2021/04/09,Supermodel Everhart is kidnapped by bad guy Prochnow and rescued by good guy Otto in technopop action.,Wire to Wire Film,"['atrocity', 'spider']","[3.7485, 5.538, 4.030375, 3.597714285714286]","[1.382, 1.3296774193548386]",1.3558387096774194,4.228647321428571,"The fine art of love, sex and moving on.",None,Joy Ride Collection
1,Death At The Nation,['Documentary'],Death At The Nation,0,2014.0,115.12295950647524,"['Simonka de Jong', 'Anna Roussillon', 'Michael Beattie']","['Rob Hedden', 'Alan R. Cohen', 'F. Scott Frazier']",5,"['Christian Lee', 'Erik Stolhanske', 'Todd Sklar', 'Adam Mohundro', 'Jane Blank']",5,"['Dorka Gryllus', 'Lo Meng', 'Edward Ma', 'Shweta Gupta', 'Stephen Huszar']",en,2021/04/09,"Letter from Beirut documents the filmmaker's return to Beirut during one of the lulls, three years after the outbreak of the civil war, animated by the urge to return. She is confronted by the physical, emotional and psychological ravages of the war, terrified and sorrowful, she cannot find her place in the city. In that quest, she communicates with everyday people, friends, neighbors, people riding the bus across the city's eastern and western flanks. To pace her journeying and dramatic unraveling of the film, Saab borrows the guise of a letter read in a voice-over, written by world-renowned poet Etel Adnan. A rare document from the civil war, Letter from Beirut lays bare and spontaneously how people make sense of their everyday in the midst of chaos, violence, terror and sorrow.","Orange County Films, LLC","['dance teacher', 'amateur radio']","[2.773947368421053, 3.2289375000000007, 2.423, 2.602, 2.75225]","[1.4, 1.4, 1.38, 1.4, 1.62]",1.44,2.756026973684211,No one stays innocent forever,None,Shrek Collection
1,Confessions Of The Country,['Music'],Confessions Of The Country,1,2019.0,80.86907109062952,"['Hart Perry', 'Gaylen Ross', 'Ucu Agustin']","['Clark Cheng', 'Lowell Ganz', 'Jeff Baena']",3,"['Emily Spivey', 'Kelly Cooney', 'Jay Kanojiya']",8,"['Patrick Warburton', 'Lance Crouther', 'Bárbara Colen', 'Oliver Ford Davies', 'Eva Bourne', 'Deirdre Lovejoy', 'Michael Kostroff', 'Daniel Wu']",en,2021/04/09,"A group of attractive women get together for a weekend of bonding, hoping to relax and getaway from the anxiety of their boyfriends. The women travel out of town which leads them to picking up men of questionable integrity. The next problem is what will they tell their boyfriends when they get back home.",Bwrdd Ffilmiau Cymraeg,"['poetry', 'amateur football (soccer)']","[7.605195652173911, 2.374, 3.195, 5.7770769230769226, 3.2125000000000004, 4.9685, 4.509600000000001, 5.946709677419348]","[1.4, 1.4, 1.38]",1.3933333333333333,4.698572781583772,Sometimes the toughest battles are fought in your own family.,None,None
1,Praised By My Nightmares,['Documentary'],Praised By My Nightmares,0,2019.0,101.33329740377164,"['Alex Levy-Heller', 'Igor Angelkorte', 'Bryan Renaud']","['Peter Wu', 'Alexa L. Fogel', 'Griffin Hood']",8,"['Raphaël Bouvet', 'Pete Docter', 'Kurt Rittig', 'Andrew Gaskill', 'Carrie Perry', 'Sukee Chew', 'Candice T. Cain', 'Riz Ahmed']",8,"[""'Weird Al' Yankovic"", 'Chris Sanders', 'Valentina Lodovini', 'Rus Blackwell', 'Rhyanna Lee', 'Jenny Agutter', 'Rachel Ticotin', 'Mathew Horne']",en,2021/04/09,"After losing another job, two idiots embark on an adventure of mythic proportion: to acquire ""Feed Bags,"" the discontinued entire-meal-in-a-bag, to impress their two equally dim-witted dates. When the only convenience store in town that carries the discontinued food item is found closed, Waylon and Buzz break in and can't break out.",Harimao Pictures,"['fish', 'drug cartel']","[3.622571428571429, 3.094, 4.236857142857144, 2.3975555555555554, 2.619, 5.825666666666667, 2.61075, 3.697333333333333]","[1.4, 4.7032, 1.4, 2.086, 1.4, 1.3553333333333333, 1.4, 2.712]",2.0570666666666666,3.512966765873016,"Every year, one in 700 people wake up during surgery.",http://www.requiemforadream.com/,Scary Movie Collection
4,Crying In The Ashes,"['History', 'Documentary', 'Music', 'War']",Crying In The Ashes,1,2015.0,77.15147329519678,"['Rachel Janowicz', 'Adam Lee Hamilton', 'Daniel Barosa']","['Larry Bain', 'Don Piper', 'Oleksandr Dermanskyi']",8,"['Usher', 'Jenna Elfman', 'Ulrike Koch', 'Chris Wedge', 'Velizar Peev', 'Federica Martino', 'Samuel Danési', 'Delna Bhesania']",7,"['Diane Venora', 'Will Poulter', 'Marie Richardson', 'Leyla Lydia Tuğutlu', 'Sreenath Bhasi', 'Torben Liebrecht', 'Billy Wilder']",en,2021/04/09,"A film poem inspired by the Peruvian poet César Vallejo. A story about our need for love, our confusion, greatness and smallness and, most of all, our vulnerability. It is a story with many characters, among them a father and his mistress, his youngest son and his girlfriend. It is a film about big lies, abandonment and the eternal longing for companionship and confirmation.",Light House Movie Makers,"['llama', 'dissection']","[4.921999999999999, 5.47453846153846, 2.515555555555555, 5.5365, 3.217347826086957, 2.395555555555555, 3.254]","[1.286, 2.782, 1.38, 1.5018181818181822, 1.4, 1.38, 1.38, 1.38]",1.5612272727272725,3.9022139141052183,The Only Person You Need To Be Is Yourself.,https://www.netflix.com/title/80085566,None
1,Mending Technology,['Documentary'],Mending Technology,1,2003.0,114.90469785350561,"['Marc Greenberg', 'Sandra Jordan', 'Omar Elkholy']","['Tami Ashcraft', 'Mark Blackwell', 'Gregg Chabot']",5,"['Christopher C. Frieri', 'Emma Roberts', 'Kitao Sakurai', 'Marco Mariolini', 'James Daly']",6,"['Yu Entai', 'Katharina Thalbach', 'Milo Parker', 'Ving Rhames', 'Farida Jalal', 'Marilyn Castonguay']",en,2021/04/09,"When Maggie's sister Jenna saddles her with an autistic newborn named Cody she touches Maggie's heart and becomes the daughter she has always longed for. But six years later Jenna suddenly re-enters her life and, with her mysterious new husband, Eric Stark, abducts Cody. Despite the fact that Maggie has no legal rights to Cody, FBI agent John Travis takes up her cause when he realizes that Cody shares the same birth date as several other recently murdered children.",Kenio Films,"['surfer', 'reanimated corpse']","[2.819333333333333, 2.733789473684213, 2.492, 6.94276, 2.521870967741936, 3.4136666666666664]","[1.4, 8.419, 2.513, 1.38, 1.8875]",3.1199,3.4872367402376914,Who is your foe?,None,None
4,Leading Nature,"['Documentary', 'Music', 'War', 'History']",Leading Nature,1,2019.0,118.79740085509474,"['Callum Drummond', 'Giacomo Abbruzzese', 'Amy Povah']","['Richard Maltby Jr.', 'Raymond Carver', 'A.M. Homes']",2,"['Ward Roberts', 'Judd Wild']",6,"['Michael Potts', 'Sammi Hanratty', 'Jonas Dassler', 'Stephanie Gerard', 'Sean Marquette', 'Yvonne Zima']",en,2021/04/09,"This is the story of Rosario and Matteo, two man from Southern Italy. Rosario is helped by Luigi to settle in the north. Luigi wants to give Rosario a chance to redeem himself and offer him, at the same time, an opportunity to confront his beliefs with the ones of his son Matteo. Rosario lives in a ""commune"" and Matteo in a beautiful, comfortable house. They're both introverted and shy and find a common ground: they meet, go out together, become friends and show each other a completely different way of living their lives as teenagers.",Left Digital Media,"['superhuman', 'kingdom']","[2.432, 2.411, 3.103, 2.8360000000000003, 3.5586666666666664, 3.5515714285714286]","[1.34, 1.7544]",1.5472000000000001,2.9820396825396824,"Passion, Betrayal, Revenge, A hostile takeover is underway.",None,Men In Black Collection
2,Driving Into The Ocean,"['War', 'Music']",Driving Into The Ocean,1,2020.0,115.31990008140275,"['Eduardo L. Sánchez', 'Yehdego Abeselom', 'Stéphane Arnoux']","['Romain Puértolas', 'Stacey Kramer', 'Stephen Trimingham']",8,"['Andrew Goldberg', 'Rorelee Tio', 'Brenda Chapman', 'Matthew Kevin Anderson', 'Dany Garcia', 'Olivier Loustau', 'Jamie Michelle Hunter', 'Rick Kain']",9,"['Linnea Quigley', 'Annie Birgit Garde', 'Elias Søvold-Simonsen', 'Gabrielle Rose', 'Martina García', 'Sara Canning', 'Irén Bordán', 'Monica Lawson', 'Blythe Danner']",en,2021/04/09,Three women outsmart unsavory men who try to cheat them out of their take in an almost-botched casino heist.,White Media,"['supermarket', 'artificial intelligence']","[3.114850000000003, 2.398, 5.163000000000001, 4.137793103448273, 3.506636363636364, 5.527400000000002, 3.097, 2.6970000000000005, 4.189318181818182]","[1.3999999999999997, 3.774, 1.4805, 4.095, 1.4916666666666671, 1.38, 1.4, 1.393]",2.0517708333333333,3.7589997387669802,Where the search for true nobility leads to a pure heart.,None,The Princess and the Pea
2,Searching At The Void,"['History', 'Documentary']",Searching At The Void,1,2006.0,80.94240552758099,"['Ashton Gleckman', 'Jonny Zwick', 'Rod Mann']","['Meg Wolitzer', 'Michael Redhill', 'Kevin Kwan']",3,"['Yōsuke Kuroda', 'Patrick Fischler', 'Jorge Masvidal']",9,"['Kahina Carina', 'Laura Harring', 'Katie Jackson', 'Dana Plato', 'Brendan Gleeson', 'Thanawut Ketsaro', 'Julia Roca', 'Tori Welles', 'Marcel Ruiz']",en,2021/04/09,"Mr Accident is a satirical, romantic rocket ride through the lives of a bunch of losers hurtling into the chaos that is contemporary life. It's a circus of cool catastrophes underpinned by a moral tale about the downside of addiction and corporate globalisation. It's a trip!",Code 99,"['early america', 'snail']","[2.672, 3.674857142857144, 3.812, 4.167, 3.473604651162792, 2.511, 9.265, 4.307, 2.657]","[2.510333333333333, 2.628, 3.461]",2.866444444444445,4.059940199335549,They can't keep their hands off each others assets.,None,None
3,Praised By My Nightmares,"['War', 'History', 'Documentary']",Praised By My Nightmares,0,2009.0,80.66983559370865,"['Pete Docter', 'Clara Bellar', 'Aram Shahbazyan']","['Douglas Nyback', 'Jennifer Waldo', 'Eric Walter']",2,"['Martin Brest', 'Kanye West']",10,"['Kelli McCarty', 'Jane March', 'Anja Nejarri', 'Emerald Fennell', 'Matt Nable', 'Clem Cheung', 'Andrés Parra', 'Garwin Sanford', 'Ivan Sergei', 'Jerry Adler']",en,2021/04/09,"Twenty years ago Danny Summer found his father hanging from the rafters on Christmas Eve. Ever since that night he has been plotting revenge. When Brian Hartwell moves into Jessica Michael's guesthouse, she has no idea that her new tenant has a deadly agenda to go with his new identity. Her daughter Laura doesn't trust him from the beginning but can't convince her mother that there's more to ""The Perfect Tenant"" than meets the eye.",Jean Paul Whitecastle,"['violin', 'loss']","[2.7546, 3.9401428571428574, 2.737, 2.579, 3.0745, 3.154454545454546, 3.9152222222222224, 3.406333333333334, 4.327900000000001, 2.653875]","[1.464, 2.567]",2.0155000000000003,3.2543027958152964,"A Comedy About Love, Murder, Etiquette, Male Escorts and Puppets.",http://www.stainlesssteelproductions.com,None
3,Origin Of The Castle,"['Documentary', 'War', 'Music']",Origin Of The Castle,0,2001.0,85.79670360502897,"['Ratnaa Sinha', 'Natalie Assouline', 'Jorge Martínez']","['Zebediah De Soto', 'Peter Murrieta', 'Dennis Venter']",8,"['Anirudh Ravichander', 'John D. Miller', 'Edward Furlong', 'Brian Levant', 'Ian Burfield', 'Nora Tschirner', 'Paul Biddiss', 'Scott Cooper']",7,"['Simon J. Berger', 'Ashley Fires', 'Madlen Sopadzhiyan', 'Shinnosuke Mitsushima', 'Scott L. Schwartz', 'Sarah Lind', 'Balamir Emren']",en,2021/04/09,"A nobleman with a literary flair, the Marquis de Sade lives in a madhouse where a beautiful laundry maid smuggles his erotic stories to a printer, defying orders from the asylum's resident priest. The titillating passages whip all of France into a sexual frenzy, until a fiercely conservative doctor tries to put an end to the fun.",Tabula Dada Productions,"['high school sports', 'ancient egypt']","[2.6278, 4.855, 4.787, 3.6496470588235295, 2.40675, 4.445999999999999, 3.389]","[1.826666666666664, 1.38, 2.74, 1.6664, 1.96, 4.758, 1.4, 1.458]",2.148633333333333,3.7373138655462177,They were on opposite sides of the law... Till now!,None,None
3,Travel To The Ships,"['History', 'Music', 'War']",Travel To The Ships,0,2017.0,103.48554978945165,"['Christine Anthony', 'Josie Rourke', 'Daryl Stoneage']","['Paul Bassett', 'Scott Underwood', 'Jean-Luc Lagarce']",3,"['Neal Scanlan', 'Burk Sharpless', 'Oguz Goker']",7,"['Jackie Berroyer', 'Akira Onodera', 'Ahn Suk-hwan', 'Boomer Banks', 'Shelly Varod', 'Alex D. Linz', 'Lon Chaney Jr.']",en,2021/04/09,"It's been 10 years since John Connor saved Earth from Judgment Day, and he's now living under the radar, steering clear of using anything Skynet can trace. That is, until he encounters T-X, a robotic assassin ordered to finish what T-1000 started. Good thing Connor's former nemesis, the Terminator, is back to aid the now-adult Connor … just like he promised.",Sculptor Media,"['deformity', 'actor']","[2.8147500000000014, 2.62975, 3.293, 4.812, 3.7781249999999993, 5.889000000000001, 4.3935]","[1.62, 1.708, 1.4]",1.5759999999999998,3.9443035714285712,No one stays innocent forever,None,Big Momma's House Collection
3,Breaking The River,"['History', 'Music', 'Documentary']",Breaking The River,0,2014.0,78.38914485701088,"['Marcelo Vogelaar', 'Matthew Ehlers', 'Sagi Kahane-Rapport']","['Rob McKittrick', 'Michael Teigen', 'Errol Flynn']",6,"['Mike Newell', 'Roschdy Zem', 'Arnaud Lannic', 'Scarlett Johansson', 'Özcan Deniz', 'Charles Dance']",10,"['Matt Dillon', 'Angela Jones', 'Lou Diamond Phillips', 'Kokoy de Santos', 'Téa Leoni', 'Alba Ribas', 'Dax Shepard', 'Athayde Arcoverde', 'Chen Daoming', 'Julie Zangenberg']",en,2021/04/09,"The sailor is ""persuaded"" by a princess to help her rescue her kingdom from something fishy.",Serene 9,"['man between two women', 'gay lead character']","[3.5570000000000004, 2.472, 2.5957777777777777, 2.7220000000000004, 6.849000000000003, 5.0176, 2.845, 2.5047500000000005, 3.13825, 2.573]","[2.3008333333333333, 1.4405, 1.4, 31.58, 2.216857142857142, 6.615]",7.592198412698413,3.427437777777778,Accentuate the negative.,None,None
1,Lurking In The Mountains,['Music'],Lurking In The Mountains,1,2000.0,110.00657698948874,"['Jesse Locke', 'Brent Anbe', 'William Mager']","['Pierre Coré', 'Jared Rivet', 'Benoit Denizet Lewis']",9,"['Deborah Wakeham', 'Kevin Corrigan', 'Kim Roth', 'M K Mani', 'Anders Holm', 'Corso Salani', 'Lateef Crowder', 'Mukul Dev', 'Aleksandr Borodyanskiy']",10,"['Billy Zane', 'Stephen Dillane', 'Tommy Lafitte', 'Laura Birn', 'Henry Darrow', 'Carolina Jurczak', 'Lena Dunham', 'Adrian Spencer', 'Jason Ralph', 'Katia Winter']",en,2021/04/09,"Thriller - Unwittingly framed for murder, Jim Mix is desperate to escape an insane asylum in the Deep South. In his flight from the institution, Jim embarks on a physical and spiritual quest to regain his life in False River. -  Salvator Xuereb, George Faughnan, Stephanie Astalos-Jones",Breaking In Pictures,"['immigrant', 'paranormal']","[12.078514285714292, 2.586142857142858, 4.996428571428572, 3.0165, 2.5380000000000003, 2.744, 2.52375, 2.924, 2.906, 4.837846153846154]","[1.96, 4.089, 1.3446153846153843, 1.4, 1.828, 1.4864000000000002, 2.5275, 1.96, 1.382]",1.9975017094017096,4.115118186813187,The evil that men do,None,None
2,Screams At The Slaves,"['War', 'Music']",Screams At The Slaves,1,2017.0,74.72998770450334,"['Jennifer Loeber', 'Johan Skog', 'N.T. Nantha']","['Kyle Hartman', 'Akela Cooper', 'Dan Chariton']",3,"['Anthony Daniels', 'Jani Dueñas', 'Jim Jarmusch']",5,"[""Sean O'Pry"", 'Wanda Sykes', 'Sebastian Koch', 'Noah Averbach-Katz', 'Jessica Barth']",en,2021/04/09,"It's been 10 years since John Connor saved Earth from Judgment Day, and he's now living under the radar, steering clear of using anything Skynet can trace. That is, until he encounters T-X, a robotic assassin ordered to finish what T-1000 started. Good thing Connor's former nemesis, the Terminator, is back to aid the now-adult Connor … just like he promised.",Paguro Film,"['boyfriend', 'future noir']","[5.782, 4.325882352941177, 3.2854999999999994, 4.382, 3.7895]","[4.185, 2.262, 1.5925555555555553]",2.679851851851852,4.312976470588235,Love is Heaven if it doesn't kill you ...,http://www.invisible-circus.com/,Collection Les Boys
2,Confessions Of My Destiny,"['History', 'War']",Confessions Of My Destiny,0,2004.0,77.25367774082052,"['Gabriel London', 'Lucy van Beek', 'Ryan Miyamoto']","['Tim Godsall', 'Gyuri Dósa Kiss', 'Olivia Bohnhoff Harris']",6,"['Dimitri Logothetis', 'Anjul Nigam', 'Dominique Maillet', 'David Semel', 'Anna Rogers', 'Ol Parker']",4,"['Natalie Paul', 'David Giuntoli', 'Lydia Wilson', 'Jason Fu']",en,2021/04/09,"Twenty years ago Danny Summer found his father hanging from the rafters on Christmas Eve. Ever since that night he has been plotting revenge. When Brian Hartwell moves into Jessica Michael's guesthouse, she has no idea that her new tenant has a deadly agenda to go with his new identity. Her daughter Laura doesn't trust him from the beginning but can't convince her mother that there's more to ""The Perfect Tenant"" than meets the eye.",Cinema Management Group,"['killer', 'corruption']","[3.389, 3.698, 3.616, 3.7095]","[2.044, 1.96, 1.31, 1.4, 1.4, 1.6969999999999998]",1.6351666666666667,3.603125,Find the strength. Find the courage. No matter what it takes... find the way home.,http://www.sonypictures.com/movies/residentevil/index.html,None
1,Binding To The Hunter,['War'],Binding To The Hunter,0,2002.0,73.1014942150324,"['Ivaylo Dzhambazov', ""Marlene 'Mo' Morris"", 'Hardy Martins']","['Nick Paley', 'Jim Mickle', 'Gail Simone']",3,"['Vincent Peranio', 'Kris Van Damme', 'Sandra Ng Kwun-Yu']",9,"['Lisa Paige Robinson', 'Anne Suzuki', 'Ryosuke Koike', 'June Lockhart', 'Portia de Rossi', 'Catherine Lambert', 'Free Souffriau', 'Casey Deidrick', 'Stan Lee']",en,2021/04/09,"An attractive woman detective, expert in cases of conjugal infidelity is hired by a mysterious millionaire, unaware that she will get involved in a feverish love triangle to gather all the evidence she needs to finish the case.",Steven Loring,"['criminal underworld', 'oregon, usa']","[3.568, 2.6156666666666677, 2.705, 3.567, 3.745111111111111, 2.744, 3.1272, 4.7, 6.390173913043478]","[1.4, 3.969, 2.992]",2.7870000000000004,3.6846835212023614,A Jedi Shall Not Know Anger. Nor Hatred. Nor Love.,http://movies.disney.com/monsters-inc,None
4,Answering The Ashes,"['Music', 'Documentary', 'History', 'War']",Answering The Ashes,1,2021.0,118.66487312630774,"['Djaffar Gacem', 'Paul Kell', 'Michael Beyer']","['Ned Martel', 'Bill Peet', 'Tomohiro Suzuki']",4,"['Tim Daly', 'Scott Jeffrey', 'Hochu Otsuka', 'Thodoris Atheridis']",4,"['Ashraf Abdel Baqi', 'Brigitte Lahaie', 'Aino Kishi', 'Heisel Mora']",en,2021/04/09,"Imagine a world of pleasure, where passion is the ultimate obsession. When Michael and Lisa travel to India to restore an erotic sculpture, they are immediately acquainted with the Kama Sutra and introduced to the skills of seduction. But when forbidden desires are revealed, vows can be broken. Now, sexual desires are about to be reawakened and fantasies are about to come true. What you desire you cannot resist. Experience it for yourself.",Zide-Perry Productions,"['yoda', 'capitalism']","[4.224, 3.5861999999999994, 7.044, 3.589]","[2.359, 1.5169411764705882, 7.217, 1.311]",3.1009852941176472,4.610799999999999,A hero should never have to stand alone.,None,None
3,Dead At Secrets,"['Music', 'History', 'War']",Dead At Secrets,1,2008.0,70.79669404869347,"['Masha Zur Glozman', 'Jerome Thelia', 'Ana Gershenson']","['Robert E. Howard', 'Michael Lachance', 'Cyrus Voris']",1,['Kris Evans'],10,"['Volkmar Kleinert', 'Noah Saavedra', 'Marc Morato', 'Ingeborga Dapkūnaitė', 'Chen Kun', 'John Candy', 'Sid Haig', 'Vincent Klyn', 'Daphne Zuniga', 'KJ Smith']",en,2021/04/09,"Fact-based story about Irish crime-investigating reporter Sinead Hamilton, who invaded the Irish underworld and attempted to expose the illegitimate activities she found. Hampered by the system, a police consort is ineffectual at aiding her despite trying to step outside of the normal bounds. Kevin McNally plays her husband, who hates her activities and the danger in which she places herself. Nonetheless, he grudgingly admires her persistence and encourages her investigation.",WUZHOU FILM DISTRBUTION,"['golden gate bridge', 'despair']","[2.8303333333333334, 4.0435, 4.739, 5.897227272727272, 3.548416666666668, 3.241, 2.606652173913042, 2.535, 5.421933333333332, 3.592]",[1.38],1.38,3.8455062779973646,Hell hath no fury...,None,None
3,Binding To The Hunter,"['History', 'War', 'Documentary']",Binding To The Hunter,1,2019.0,86.90509976060694,"['Doug Orchard', 'Marco Niemeijer', 'Carsten Frank']","['Adriana Pelusi', 'Brian Rousso', 'Joe Hortua']",6,"['Ramzi Abed', 'Martin Pasko', 'Antonio Negret', 'Marielle Heller', 'Daniela Romo', 'Willie Chan']",7,"['Constance Towers', 'Shido Nakamura', 'Jane Fonda', 'Kelly Carlson', 'Jet Tranter', 'Chris Witaske', 'Hiroko Sakurai']",en,2021/04/09,"Mr Accident is a satirical, romantic rocket ride through the lives of a bunch of losers hurtling into the chaos that is contemporary life. It's a circus of cool catastrophes underpinned by a moral tale about the downside of addiction and corporate globalisation. It's a trip!",Bearfruit Films,"['casting', 'tyrannosaurus rex']","[3.007, 3.753487179487178, 4.105875000000002, 2.4725, 2.705, 3.487, 2.391]","[1.708, 1.4, 1.736, 2.873, 1.528, 1.4413333333333334]",1.7810555555555554,3.131694597069597,The Klumps are back!,http://www.requiemforadream.com/,None
2,Death At The Nation,"['History', 'Documentary']",Death At The Nation,0,2009.0,90.78141865002839,"['Mario Hainzl', 'Imran Babur', 'Joe Siebert']","['Peter Griffiths', 'Robert Cauble', 'Loren Semmens']",6,"['Kym Barrett', 'Jennifer Salt', 'Joe Wright', 'Simon Ibarra', 'Kashyap Chandhock', 'Leo Stransky']",6,"['Mihriban Er', 'Vanness Wu', 'Violett Beane', 'Cho Yeo-jeong', 'Anri Okita', 'Breanna Yde']",en,2021/04/09,"Based on the award-winning best seller by Jess Mowry, ""Way Past Cool"" is a coming-of-age story told in reverse, for it is the story of a group of young black kids and their fight to reclaim their childhood.",Stella Rose Productions,"['crusader', 'hysteria']","[3.3800000000000003, 5.012538461538463, 8.079, 12.272999999999998, 3.518, 2.391]","[1.4, 2.101, 1.5019999999999998, 1.4, 1.38, 2.717]",1.75,5.775589743589744,On the money. Off the record. Out of control.,http://alltheprettyhorses.com/,None
3,Breaking The River,"['History', 'Documentary', 'War']",Breaking The River,1,2001.0,104.24827481652927,"['Jennifer Dworkin', 'Residente', 'Joost Vandebrug']","['Scott Champion', 'Iain Morris', 'Dalton Grant']",7,"['Katy Wood', 'Martin Klásek', 'Max Landis', 'Kurt Kuenne', 'Scott Adkins', 'Patrik-Ian Polk', 'David J. Krystal']",5,"['Bernice Stegers', 'Reiko Aylesworth', 'John DiMaggio', 'Jin Ji-hee', 'J.K. Simmons']",en,2021/04/09,"In 1970s Atlanta, a diminutive gay man tries to find succor from the small-town religion that filled him with self-loathing. He meets Miss Make-Do, who teaches him the fun of reckless behavior and emotional management via getting higher than a kite. The film features a host of cameos from John Ritter, Marilu Henner, Kathy Kinney and others.",Valiant Entertainment,"['dinosaur', 'deserted island']","[4.138, 2.825444444444445, 4.886999999999999, 3.309, 9.893116883116882]","[1.4169090909090911, 1.38, 2.082857142857143, 1.3246666666666669, 8.199333333333334, 1.4848, 1.38]",2.4669380333951767,5.010512265512265,Space will never be the same.,http://www.warnerbros.com/blade-ii,Fortress Collection
2,Searching At The Void,"['War', 'History']",Searching At The Void,1,2002.0,93.61903935122358,"['Eric Becker', 'Lesley Chilcott', 'Kayode Kasum']","['Joyce Hooper Corrington', 'Andrea Portes', 'E.M. McCoy']",9,"['Bruce Locke', 'Rob Corddry', 'Shin-ichiro Miki', 'Kate Biscoe', 'Kevin Gage', 'John Schneider', 'Eric Bana', 'D.V. DeVincentis', 'Leslie Fleming-Mitchell']",7,"['Park Bo-gum', 'Barbara Philipp', 'Eva Jinek', 'Beth Grant', 'J.J. Makaro', 'Jonas Dassler', 'Eliana Jones']",en,2021/04/09,"This is the story of Rosario and Matteo, two man from Southern Italy. Rosario is helped by Luigi to settle in the north. Luigi wants to give Rosario a chance to redeem himself and offer him, at the same time, an opportunity to confront his beliefs with the ones of his son Matteo. Rosario lives in a ""commune"" and Matteo in a beautiful, comfortable house. They're both introverted and shy and find a common ground: they meet, go out together, become friends and show each other a completely different way of living their lives as teenagers.",Vishnu Vishal Studios,"['cuban missile crisis', 'fighter jet']","[7.7746666666666675, 4.551499999999999, 2.588, 3.607307692307693, 4.252, 3.103, 4.975]","[1.716, 1.729, 5.543, 1.3772727272727274, 2.123, 4.017, 10.15575, 1.7733333333333334, 1.286]",3.3022617845117845,4.407353479853479,"Every year, one in 700 people wake up during surgery.",None,Urban Legend Collection
1,Painting The Ships,['History'],Painting The Ships,1,2008.0,79.04691133353734,"['Chad Schaffler', 'Aziz Al-Dilaimi', 'Annabel Park']","['Riko Sakaguchi', 'Blake Tucker', 'Philippa Boyens']",7,"['Willeke van Ammelrooy', 'Tim Rigby', 'Tim Landry', 'Michael Caleo', 'Avi Youabian', 'Antonio Quercia', 'Jo-Ann MacNeil']",8,"['David Oyelowo', 'Manoj Bajpayee', 'Chelsey Reist', 'Cariba Heine', 'Gözde Kocaoğlu', 'Sam Underwood', 'Maya Kazan', 'Dmitri Iosifov']",en,2021/04/09,"What happens when a person decides that life is merely a state of mind? If you're Betty, a small-town waitress and soap opera fan from Fair Oaks, Kansas, you refuse to believe that you can't be with the love of your life just because he doesn't really exist. After all, life is no excuse for not living. Traumatized by a savage event, Betty enters into a fugue state that allows -- even encourages -- her to keep functioning... in a kind of alternate reality.",Foxtrot Films,"['secret mission', 'attempted suicide']","[4.465142857142858, 2.6700909090909093, 2.5369999999999995, 4.441, 3.921, 5.947, 2.52, 4.529]","[1.96, 1.5530000000000004, 1.38, 1.4, 2.6049999999999995, 1.2759999999999996, 1.3130000000000002]",1.641,3.8787792207792213,"In music she found her dream, her love, herself.",http://www.crispinglover.com/whatisit.htm,None
3,Forsaken By Nature,"['History', 'War', 'Music']",Forsaken By Nature,0,2008.0,110.58529452747297,"['Thierry Lounas', 'Walter E. Campbell', 'Craig David Wallace']","['Nate Atkins', ""Beverly D'Onofrio"", 'Tsuina Miura']",3,"['Joanne Leach', 'Grant Wilfley', 'Michael G. Kehoe']",10,"['Alina Boz', 'Steve Valentine', 'John Neville', 'Ethan Cutkosky', 'Ryan Malgarini', 'Max Burkholder', 'Ed Skrein', 'Alissa Skovbye', 'Leonardo DiCaprio', 'Isabelle Fuhrman']",en,2021/04/09,"The sailor is ""persuaded"" by a princess to help her rescue her kingdom from something fishy.",Els Films de la Rambla S.A.,"['pimp', 'sociopath']","[7.511, 3.2054, 2.5970000000000004, 8.259, 2.9436, 2.439714285714285, 6.480666666666668, 5.25025, 26.096666666666664, 2.3778181818181823]","[1.321, 1.4, 1.4]",1.3736666666666668,6.71611158008658,"Bonjour, y'all",http://www.u-571.com/,None
3,Searching At The Void,"['History', 'War', 'Documentary']",Searching At The Void,0,2012.0,118.73529903564591,"['Dusty Duprel', 'Eric Mahoney', 'Kevin Augello']","['Judith Thurman', 'Reginald Berkeley', 'Bill Peet']",7,"['Nick Hobbs', 'Branko Završan', 'Vincent Desagnat', 'Mindy Kaling', 'Olcun Tan', 'Lisa Cholodenko', 'Rinko Kikuchi']",8,"['Viola Davis', 'Robinne Lee', 'Lin Ching-Tai', 'Raquel Gardner', 'Molly Ephraim', 'Charlie Tahan', 'Anne Winters', 'Paul Raci']",en,2021/04/09,"Mr Accident is a satirical, romantic rocket ride through the lives of a bunch of losers hurtling into the chaos that is contemporary life. It's a circus of cool catastrophes underpinned by a moral tale about the downside of addiction and corporate globalisation. It's a trip!",Fidelia Cine,"['drug dealing', 'high school']","[4.0407894736842085, 2.890307692307692, 3.164, 2.39075, 5.298333333333333, 5.220249999999997, 3.319333333333333, 3.7745]","[2.682, 1.38, 1.708, 4.248, 1.4, 1.5810000000000002, 5.451]",2.6357142857142857,3.76228297908232,His only weapon is his will to survive.,None,None
4,Wrong About The Apocolypse,"['History', 'Documentary', 'Music', 'War']",Wrong About The Apocolypse,1,2021.0,117.92701170036759,"['Bohdan Graczyk', 'David F. Walker', 'Sruti Harihara Subramanian']","['Christopher Bertolini', 'Yoon Hyun-ho', 'Masahiro Yamaura']",4,"['Robin Wright', 'Sybil Danning', 'Richard E. Hollander', 'Chandler Vinar']",8,"['Mayling Ng', 'Léa Seydoux', 'Kyōko Aizome', 'Peter Sarsgaard', 'Vitaliya Kornienko', 'Spike Lee', 'Hala Shiha', 'Carmine Monaco']",en,2021/04/09,"After a spectacular crash-landing on an uncharted planet, brash astronaut Leo Davidson finds himself trapped in a savage world where talking apes dominate the human race. Desperate to find a way home, Leo must evade the invincible gorilla army led by Ruthless General Thade.",ALEF Film & Media Group,"['bizzare comedy', 'confidence']","[4.668, 7.287096774193547, 2.77, 6.311051282051285, 3.057714285714286, 5.464736842105261, 5.193, 2.744]","[8.818, 2.164, 1.62, 1.38]",3.4955,4.686949898008048,A film with a lot on its mind.,http://www.sonypictures.com/homevideo/meninblackii/,None
1,Death To The Void,['Documentary'],Death To The Void,1,2009.0,107.72815904685737,"['Scott Cervine', 'Joanns Buncelmans', 'Liz Thompson']","['Suzanne Guacci', 'Nicolás Onetti', 'Karen Sim']",5,"['Sara Lindsey', 'Ron R. Anand', 'Jason Cooper', 'Matt Walsh', 'Markus Orths']",10,"['Lukerya Ilyashenko', 'Tanaya Beatty', 'Lindsey Morgan', 'Fritz Wepper', 'Andrea Cleven', ""Kevin O'Grady"", 'Rina Hidaka', 'Andre Tricoteux', 'Tridha Choudhury', 'Millie Brady']",en,2021/04/09,Three women outsmart unsavory men who try to cheat them out of their take in an almost-botched casino heist.,Necessary Nomad Films,"['birthday', 'texas ranger']","[4.365, 7.696, 11.099666666666666, 2.366, 2.58, 3.114, 3.900999999999999, 3.749, 2.476875, 4.5856]","[1.38, 1.38, 1.4, 1.591, 1.38]",1.4262000000000001,4.593314166666667,Sometimes you can assassinate a leader without firing a shot.,http://www.newline.com/properties/stateandmain.html,101 Dalmatians (Live-Action) Collection
3,Confessions Of The Country,"['War', 'Documentary', 'History']",Confessions Of The Country,1,2011.0,89.73919390248088,"[""Dave O'Leske"", 'Ólöf Birna Torfadóttir', 'Gregory Grano']","['Dan Pringle', 'Solomon Northup', 'Bill Weiner']",1,['Dennis Kreusler'],7,"['Jessica Hsuan', 'Ruth Wilson', 'YaYa Gosselin', 'Emma Appleton', 'Filip Bobek', 'Meaghan Rath', 'Chris Witaske']",en,2021/04/09,"Frank Corvin, ‘Hawk’ Hawkins, Jerry O'Neill and ‘Tank’ Sullivan were hotdog members of Project Daedalus, the Air Force's test program for space travel, but their hopes were dashed in 1958 with the formation of NASA and the use of trained chimps. They blackmail their way into orbit when Russia's mysterious ‘Ikon’ communications satellite's orbit begins to degrade and threatens to crash to Earth.",Movistar+,"['nunchaku', 'heavy metal']","[2.583, 5.0935, 5.964, 3.865, 2.378, 3.685000000000001, 3.487]",[1.38],1.38,3.865071428571429,America is test-driving the future,http://corpsebridemovie.warnerbros.com/,Center Stage Collection
3,Praised By My Nightmares,"['History', 'Documentary', 'War']",Praised By My Nightmares,1,2020.0,116.70096113438362,"['Satoshi Nishimura', 'Zachary Ayotte', 'Sean Hartofilis']","['Keita Amemiya', 'Luke Brookshier', ""Mark O'Keefe""]",7,"['Roman Horbyk', 'Stacey Bunch', 'Johannes Naber', 'Amanda Farinos', 'Chris McIntyre', 'Yim Ho', 'Ruth Sullivan']",4,"['Stacey Travis', 'Marie-Christine Barrault', 'Beverly Swanson', 'Laurence Barrette']",en,2021/04/09,"When a rare phenomenon gives police officer John Sullivan the chance to speak to his father, 30 years in the past, he takes the opportunity to prevent his dad's tragic death.  After his actions inadvertently give rise to a series of brutal murders he and his father must find a way to fix the consequences of altering time.",DeA Planeta Home Entertainment,"['flatulence', 'fire engine']","[2.464, 2.48725, 2.752, 3.038]","[1.4, 1.4, 1.3999999999999997, 1.4, 1.614, 1.4, 1.288]",1.4145714285714284,2.6853124999999998,His only weapon is his will to survive.,None,None
1,Answering The Ashes,['Documentary'],Answering The Ashes,1,2001.0,92.66122059534564,"['Roddy Bogawa', 'Zachary Ayotte', 'Leo Crivellare']","['John Jay Osborn Jr.', 'Kazuki Takahashi', 'Ray Harvie']",8,"['Chris Sanders', 'Scott Frank', 'Jennifer Stanfield', 'Hou Hsiao-hsien', 'K. Blaine Johnston', 'Carrie Finklea', 'Mark Cyre', 'Jordana Spiro']",8,"['Laroyce Hawkins', 'Rip Taylor', 'Kelly Craig', 'Vanessa Alves', 'Michael Bisping', 'Marque Richardson', 'Reed Alexander', 'Marcia Cross']",en,2021/04/09,"Before he broke out with the J.D. Salinger-esque Tadpole in 2002, producer-turned-director Gary Winick filmed this little-seen relationship drama. Fisher Stevens stars as the title character, a writer with one novel under his belt who can't seem to deliver the follow-up. Instead, he spends his time compulsively cheating on his photographer girlfriend, Cass (Annabella Sciorra); giving the runaround to his agent, Richard (Ron Rifkin); and trying to keep his landlord, Murray (Luis Guzman), at bay.",ThinkThorpe,"['egyptian tomb', 'ex-con']","[3.437, 3.699666666666667, 3.167, 3.061, 2.948, 2.9803333333333337, 3.175, 3.930666666666667]","[1.989555555555556, 2.0765, 1.6100000000000003, 2.276, 1.38, 2.391, 1.4, 2.52]",1.9553819444444445,3.2998333333333334,"In the Future, not everyone is who they seem to be.",None,Alex Cross Collection
1,Death At The Nation,['Music'],Death At The Nation,0,2020.0,74.28768674652997,"['Rejane Zilles', 'Raúl de la Fuente', 'Adam Zucker']","['Gabe Vasquez', 'Kate Mulleavy', 'Seong-san Jeong']",5,"['Anthony Cafaro', 'Dustin Nguyen', 'Mariana Lima', 'Levi James', 'Walter Kohler']",10,"['Spencer Treat Clark', 'Hera Hilmar', 'Tomokazu Sugita', 'Terry Crews', 'Věra Křesadlová', 'Robinne Lee', 'Marina Sirtis', 'Joseph Gordon-Levitt', 'Gary Oldman', 'John Cassini']",en,2021/04/09,"It's been 10 years since John Connor saved Earth from Judgment Day, and he's now living under the radar, steering clear of using anything Skynet can trace. That is, until he encounters T-X, a robotic assassin ordered to finish what T-1000 started. Good thing Connor's former nemesis, the Terminator, is back to aid the now-adult Connor … just like he promised.",Passworld,"['self-fulfilling prophecy', 'bank robber']","[3.629, 11.458461538461536, 2.9700000000000006, 3.933783783783784, 3.181, 2.890307692307692, 6.016333333333335, 6.016799999999999, 11.1872380952381, 2.5272500000000004]","[1.4, 3.923, 2.304, 1.38, 1.38]",2.0774,5.3810174443124446,Sometimes the toughest battles are fought in your own family.,None,Japan's Violent Gangs
4,Smiles In The Forest,"['History', 'War', 'Music', 'Documentary']",Smiles In The Forest,1,2006.0,106.78771099459752,"['Gary Mortensen', 'Martina Faux Marambio', 'Amanda Ladd-Jones']","['John Carlen', 'Ramaa Mosley', 'James Killian']",4,"['Seth MacFarlane', 'Bryan Singer', 'Björk', 'Leon Lučev']",4,"['Alix Elizabeth Gitter', 'Simon Baker', 'Brian Blessed', 'Willie Ross']",en,2021/04/09,"Eric Saperston directs this amazing journey about a group of young Americans who decide to ask the age old question in life, ""what do our elders have to pass down to us?""",Pilakandy Films International,"['national security agency (nsa)', 'prom night']","[2.892, 4.175333333333332, 4.889692307692309, 3.675]","[6.862, 3.128692307692308, 2.023, 1.38]",3.348423076923077,3.9080064102564105,Talent Isn't Everything...,http://movies.disney.com/monsters-inc,Spider-Man Collection
1,Taste Of The Immortals,['War'],Taste Of The Immortals,1,2018.0,104.82506523175468,"['Deepak Tiwari', 'Wendy Pillonel', 'Olga Pohankova']","['Valérie Beaugrand-Champagne', 'Pierre Bordage', 'Emanuela Cozzi']",1,['Kerim Pamuk'],7,"['Skye McDonald', 'Bel Gris', 'W. Earl Brown', 'Christopher Maleki', 'Park Eun-bin', 'Shoya Chiba', 'Sibylle Rauch']",en,2021/04/09,"It's been 10 years since John Connor saved Earth from Judgment Day, and he's now living under the radar, steering clear of using anything Skynet can trace. That is, until he encounters T-X, a robotic assassin ordered to finish what T-1000 started. Good thing Connor's former nemesis, the Terminator, is back to aid the now-adult Connor … just like he promised.",Dream Movie Entertainment Ltd.,"['space western', 'exotic island']","[3.5, 4.2525, 3.006142857142857, 2.4895714285714283, 4.395, 2.524, 4.295]",[1.38],1.38,3.494602040816327,The Life of the Party... before she got a life.,http://www.therisingplace.com/,None
1,Travel To The Ships,['War'],Travel To The Ships,1,2002.0,74.45600656971084,"['Scott M. Rosenfelt', 'Anatol Durbalã', 'Victor Viyuoh']","['Brian Nelson', 'Donna di Novelli', 'Jussi Adler-Olsen']",9,"['Renee Tab', 'Lisa Rieffel', 'William Goldman', 'Rob Klug', 'Robert Kanigher', 'Omero Capanna', 'Ryan Eggold', 'Christopher Meledandri', 'Klaus Jüptner']",6,"['Nora Tschirner', 'Adrian Grünberg', 'Dylan Minnette', 'Shiga Lin', 'Rachel Bloom', 'Ferrara Gomez']",en,2021/04/09,"After proving himself on the field of battle in the French and Indian War, Benjamin Martin wants nothing more to do with such things, preferring the simple life of a farmer. But when his son Gabriel enlists in the army to defend their new nation, America, against the British, Benjamin reluctantly returns to his old life to protect his son.",Khoosat Films,"['success', 'romantic rivalry']","[5.749199999999999, 2.383, 2.4376666666666664, 3.072636363636363, 2.57, 2.374]","[1.4, 2.096, 1.586666666666667, 1.4, 1.932, 1.388, 8.67, 1.5571428571428574, 1.4]",2.381089947089947,3.0977505050505045,Accentuate the negative.,None,None
3,Travel To The Ships,"['Music', 'War', 'Documentary']",Travel To The Ships,0,2001.0,98.11655043764617,"['Virginia Croatto', 'Christopher Henze', 'Noah Hutton']","['Erin Gruwell', 'Joe Piscatella', 'Alexandra Primachenko']",5,"['Nirang Desai', 'Ashley Forshaw', 'Carla Hacken', 'John Albano', 'Daina Reid']",5,"['Hal Smith', 'Alba August', 'Jean Marsh', 'Han Ji-min', 'Clive Standen']",en,2021/04/09,"A group of film students set out to finish filming a movie that was never completed after its director was murdered. After they begin filming, they realize they're in for a bit of trouble, not unlike the late director...",Future Past Films,"['planet mars', 'semi autobiographical']","[3.753, 4.719666666666668, 4.649, 8.273333333333332, 3.555333333333333]","[1.4, 1.38, 1.38, 1.4, 1.7]",1.4520000000000002,4.990066666666667,Old grudges die hard.,None,None
2,Searching At The Void,"['History', 'Music']",Searching At The Void,0,2005.0,109.06356182834048,"['Fay Efrosini Lellios', 'Catharina Roland', 'Árni Gunnarsson']","['Jeremy Haft', 'Mark Duplass', 'Ross Clarke']",1,['Isabelle Adjani'],6,"['Glenn Fleshler', 'Wes Anderson', 'Antonio Pagudo', 'Kelly Marie Tran', 'Catherine Disher', 'Tony Curran']",en,2021/04/09,A movie crew invades a small town whose residents are all too ready to give up their values for showbiz glitz.,KINE IMAGENES,"['china', 'catholicism']","[2.483555555555556, 2.7968, 2.77475, 4.064, 4.087, 3.945099999999999]",[9.677],9.677,3.3585342592592595,Where the search for true nobility leads to a pure heart.,http://www.thunderbirdsmovie.com,Zoolander Collection
4,Death To The Void,"['Music', 'History', 'War', 'Documentary']",Death To The Void,0,2001.0,70.82296279550731,"['Janjot Singh', 'Zeeshan Ahmad', 'Susi Marquès']","['William Andrew Eatman', 'Matt Danner', 'Dror Soref']",1,['Verónica Llinás'],4,"['Sugar Lyn Beard', 'Eve Hewson', 'Inez Viana', 'Kazuya Nakai']",en,2021/04/09,Documentary examining contemporary Jewish musical culture in New York's avant garde Jazz scene in the 1990s.,Tencent Video,"['girls with guns', 'swedish']","[2.8111, 7.040666666666667, 2.482666666666667, 2.812740740740741]",[1.4],1.4,3.7867935185185186,"In music she found her dream, her love, herself.",None,American Psycho Collection
1,Painting The Ships,['History'],Painting The Ships,0,2011.0,86.78614136435763,"['Fabio Del Greco', 'Lorenzo Pezzano', 'Mario Furloni']","['Dwayne Alexander Smith', 'Simon Kelton', 'David Nicholls']",5,"['Sean Cossey', 'Gary Peebles', 'Katt Williams', 'Bobbito Garcia', 'Faizon Love']",5,"['Brad Hunt', 'Alfie Allen', 'Shanna McCullough', 'Julie Engelbrecht', 'Will Rothhaar']",en,2021/04/09,"This road movie explores the nature of the bond between twins by focusing on a love affair between a man and a woman, each of whom has a twin brother.",Down Here Productions,"['early america', 'family drama']","[2.833, 3.2172352941176463, 4.887, 2.42625, 3.101933333333334]","[1.7968749999999996, 2.18, 1.824, 1.38, 4.282]",2.2925750000000003,3.293083725490196,Space will never be the same.,None,Save The Last Dance Collection
4,Amusing The Titans,"['Documentary', 'Music', 'War', 'History']",Amusing The Titans,1,2014.0,104.9032572717835,"['Keith Farrell', 'Ömer Ali Kazma', 'Cajetan Jacob']","['Sara B. Cooper', 'Zach Lewis', 'Kirsten Smith']",8,"['Nancy Nye', 'Teruyuki Ōmine', 'Terry Hayes', 'Bill Leaman', 'Kieran Hurley', 'Tygo Gernandt', 'Gardner Fox', 'Arie Kriting']",6,"['Clotilde Hesme', 'Roberto Enríquez', 'Fiona Shaw', 'Nicole Sheridan', 'J.P. Manoux', 'Daniel Goddard']",en,2021/04/09,An affair between a pianist and a teacher begins to disintegrate when girls from her school turn up missing.,Kop Eleven Filmproduktion,"['nudity', 'time']","[2.642950000000001, 5.715071428571429, 4.297, 6.951, 5.049000000000001, 2.377]","[1.38, 2.705, 1.788, 1.38, 1.38, 1.928, 2.3520000000000003, 1.656]",1.8211249999999999,4.505336904761905,Life's a bitch. And then you race one.,None,Chicken Run Collection
3,Rejecting My Family,"['Documentary', 'War', 'Music']",Rejecting My Family,0,2009.0,91.91789891320899,"['Margarita Hernandez Pascual', 'Juan Carlos López Duran', 'Jed Anderson']","['Phil Graziadei', 'Jin-won Han', 'Johnny Silver']",9,"['Zalman King', 'Christopher Scarabosio', 'Kaleb McKenna', 'John Weidner', 'Brett Paton', 'Joan Giammarco', 'Peter McNulty', 'Leonard Nimoy', 'Bo Johnson']",8,"['Kiersten Warren', 'Gaite Jansen', 'Renée Zellweger', 'Charlene Amoia', 'Matthew Kosto', ""Catherine O'Hara"", 'Li Bingbing', 'Walter Vidarte']",en,2021/04/09,"It's been 10 years since John Connor saved Earth from Judgment Day, and he's now living under the radar, steering clear of using anything Skynet can trace. That is, until he encounters T-X, a robotic assassin ordered to finish what T-1000 started. Good thing Connor's former nemesis, the Terminator, is back to aid the now-adult Connor … just like he promised.",Cape Fear Filmworks,"['attack', 'single father']","[3.233090909090909, 5.319000000000001, 10.3745, 4.020999999999999, 3.738, 3.073714285714286, 9.142956521739126, 2.658]","[1.6354, 1.9239677419354848, 1.614, 1.96, 1.4, 2.038, 1.4, 6.815, 1.38]",2.24070752688172,5.19503271456804,Close Friends... Dark Secrets... The Brutal Truth,http://www.lordoftherings.net/,None
4,Answering The Ashes,"['War', 'Music', 'History', 'Documentary']",Answering The Ashes,1,2003.0,81.40597245905106,"['Fred Florey', 'Sævar Guðmundsson', 'Phillip Rodriguez']","['Aaron Hann', 'David Sheffield', 'Sean Conway']",8,"['Wade Gasque', 'Miguel Ángel Vivas', 'Ai Yoshimura', 'Nick Peshunoff', 'Louis Lombardi', 'Kendall L. Nichols', 'Marco Pancrazi', 'Harry Michell']",10,"['Lou de Laâge', 'Michelle Yeoh', 'Kim Se-in', 'Álex González', 'Marshall Allman', 'Flora Canto', 'Dalila Bela', 'Claire Bloom', 'Maureen Lipman', 'Polina Vasylyna']",en,2021/04/09,"A nameless baby elephant-steer was just getting used to life in the herd, when poachers kill his mother, so he runs and gets lost. He's found by a grouchy female, Groove, the sister of an alpha-female, who walks off disgusted with life in her herd. Not exactly wholehearted, she still takes the orphan under her wing, 'til we find your herd', but fails to find his herd, or a new home with males—who find him disrespectful and mouthy—or her own herd, which nicknames the kid Whispers since his trumpeting is so weak. Meanwhile the fear of poachers and (in the movie) lions drives them north over the great river, a long and dangerous journey...",Tencent Penguin Pictures,"['k2', 'chinese']","[3.7867000000000006, 5.64368, 4.175, 5.066571428571429, 3.7895, 3.281, 6.409285714285715, 4.3606, 2.7778, 4.298]","[1.4, 2.0135, 1.4, 1.4, 1.4, 1.4, 1.51, 1.4]",1.4904375,4.358813714285715,"If his story isn't dead by daybreak, he is.",http://www.berlin-calling.de/,None
2,Lurking In The Mountains,"['Documentary', 'Music']",Lurking In The Mountains,0,2004.0,78.51803816262507,"['Ally Arthur', 'Eric Nguyen', 'Chris Karcher']","['Koh Tae-wook', 'Dario Poloni', 'Sydney Sibilia']",1,['Tim Bevan'],4,"['Matthew Mesler', 'Rick Gonzalez', 'Diana Gómez', 'Kim Sun-young']",en,2021/04/09,"A group of film students set out to finish filming a movie that was never completed after its director was murdered. After they begin filming, they realize they're in for a bit of trouble, not unlike the late director...",Link Media,"['dining hall', 'communism']","[2.744, 6.336272727272725, 5.6434444444444445, 5.820526315789472]",[1.5521428571428582],1.5521428571428582,5.13606087187666,A film with a lot on its mind.,https://www.warnerbros.com/movies/terminator-3-rise-machines/,None
2,Screams In Myself,"['Documentary', 'War']",Screams In Myself,0,2003.0,79.19982718918689,"['Alejandro G. Iñárritu', 'Daniel Joseph Watkins', 'Elisabeth Leuvrey']","['Elisa Ludwig', 'Eva Bruschi', 'John Green']",4,"['Johnny Ferguson', 'Mario Monicelli', 'Denise Di Novi', 'Joyce Heeyoung Cho']",5,"['Robert Prosky', 'Sonequa Martin-Green', 'Lelia Goldoni', 'Zhang Tielin', 'Kuno Becker']",en,2021/04/09,"The life of Rauli ""Badding"" Somerjoki, a Finnish singer.",Too Much Films,"['dance', 'head coach']","[2.776, 5.877666666666666, 2.94, 2.705, 3.262562499999999]","[1.568, 1.96, 1.483578947368422, 1.38]",1.5978947368421055,3.5122458333333326,Talent Isn't Everything...,None,None
4,Dead At Secrets,"['War', 'Music', 'History', 'Documentary']",Dead At Secrets,0,2004.0,77.2405898393612,"['Brian Moore', 'Kate Keckler Dandel', 'Mohammad Kart']","['Christopher Roosevelt', 'Pamela Falk', 'Carlos Cuarón']",7,"['Damien Bray', 'Joel Hodgson', 'David Reynolds', 'Elvis Mitchell', 'Julia Lemaire', 'Joya Hoyt', 'Lola Kirke']",10,"['Ida Ursin-Holm', 'Farah Zeynep Abdullah', 'Nerea Camacho', 'Jonathan Bennett', 'Gigi Proietti', 'Anjali Jay', 'John Fiedler', 'Santiago Magill', 'Lloyd Owen', 'Vincenzo Biagi']",en,2021/04/09,High school student tries to improve soccer skills by practicing dance and falls for his dance partner.,Perfect Storm Film,"['father-in-law', 'river']","[5.989, 3.945, 2.5278333333333336, 3.245631578947369, 3.183588235294118, 4.3835, 2.571, 2.583, 2.923, 2.944]","[1.38, 1.821, 1.9085454545454543, 1.4, 1.38, 1.38, 3.654]",1.8462207792207792,3.429555314757482,A young man must decide between a life on the streets and a career in the theater.,http://sinbad-themovie.com/main.html,None
1,Bleeding At History,['Music'],Bleeding At History,0,2004.0,72.98430916516264,"['Brad McGann', 'Zsolt Vereckei', 'Nicky Murphy']","['J.M. Barrie', 'Kristen Brewer', 'Tim Crothers']",6,"['Tommy Swerdlow', 'Frédéric Fougea', 'Robert Altman', 'Pierce Brosnan', 'Stephen J. Cannell', 'Nicolas Cage']",10,"['Amanda Walsh', 'Sophia Loren', 'Patricia Hayes', 'Aldo Maccione', 'Soko Wada', 'Naomi Scott', 'Debbie Allen', 'Barclay Hope', 'Maria Howell', 'Aya Hisakawa']",en,2021/04/09,A woman and her son must leave a small South Carolina town because of her wild behavior.,Trash Arts,"['regret', 'noises']","[4.495, 5.636142857142857, 2.443, 3.565, 2.4183870967741945, 11.0258, 3.560875, 5.053333333333332, 3.096750000000001, 4.356166666666665]","[1.415, 1.7323333333333333, 1.348, 6.615, 1.7010000000000003, 27.1855]",6.666138888888889,4.565045495391705,She's chasing a dream... they're chasing her.,http://movies.disney.com/monsters-inc,None
3,Crying In The Ashes,"['History', 'War', 'Documentary']",Crying In The Ashes,1,2008.0,107.80965222502184,"['Jonathan Mayor', 'Judith Katz', 'Mariana Arruti']","['Ben Queen', 'Joe Vitale', 'Scott Murphy']",5,"['Mike Erwin', 'Tim Roth', 'Katsuya Matsumura', 'Bruno Chiche', ""Daisuke Oh'oka""]",4,"['Kelli Giddish', 'Natalie Sharp', 'Chandler Riggs', 'Will Poulter']",en,2021/04/09,A serial killer turns the life of a family on vacation into a nightmare.,180 Degrees,"['united states–mexico border', 'female corpse']","[2.723, 2.827, 4.104166666666667, 5.47453846153846]","[1.52, 6.629, 1.5365000000000002, 1.739, 1.4]",2.5649,3.7821762820512816,A Summer Night's Dream,None,None
1,Dead At Secrets,['Documentary'],Dead At Secrets,1,2021.0,75.78795385700018,"['Adam Dubin', 'William Hechter', 'Leanne Robinson-Maine']","['Shane Salerno', 'Sascha Penn', 'David Spade']",9,"['Douglas Bunn', 'John J. McLaughlin', 'Mohammadreza Golzar', 'Craig Carlisle', 'Bill Pullman', 'Fil Eisler', 'Kimmy Suzuki', 'Bill Cosby', 'Peter Casey']",4,"['Takeru Satoh', 'Hal Ozsan', 'Miya Cech', 'Jeff Lew']",en,2021/04/09,"It's been 10 years since John Connor saved Earth from Judgment Day, and he's now living under the radar, steering clear of using anything Skynet can trace. That is, until he encounters T-X, a robotic assassin ordered to finish what T-1000 started. Good thing Connor's former nemesis, the Terminator, is back to aid the now-adult Connor … just like he promised.",Fyodor Dobronravov Producing Center,"['new identity', 'affair']","[5.23684, 3.107999999999999, 6.089, 2.887]","[1.38, 1.7446666666666666, 1.516, 1.38, 15.543, 1.38, 2.037, 1.989, 1.38]",3.1499629629629626,4.33021,Every family has a few hang-ups.,None,None
3,Lurking In The Mountains,"['Documentary', 'History', 'Music']",Lurking In The Mountains,0,2017.0,96.00312857184898,"['Crayton Robey', 'Carlos Agulló', 'Jan Brichcín']","['Mark Heyman', 'Gene McHugh', 'Oren Moverman']",4,"['Tiffany Salerno', 'Kazuki Sakuraba', 'Robert Carlyle', 'Erica Rivinoja']",7,"['Danielle Panabaker', 'Fira Ventura', 'Timothy V. Murphy', 'Lorenzo Zurzolo', 'Ian McShane', 'Sean Bean', 'Mick Foley']",en,2021/04/09,Four young gamblers come up with a plan to get out of debt with a fixed game.,Sudhakar Impex,"['brutality', 'industrial revolution']","[18.165500000000005, 7.33, 4.615124999999999, 6.678666666666667, 6.779342857142856, 20.47689189189188, 2.9073636363636366]","[1.38, 1.38, 4.098, 1.6373333333333333]",2.1238333333333332,9.564698578866436,Trust. Seduction. Betrayal.,None,None
2,Breaking The River,"['Documentary', 'War']",Breaking The River,1,2003.0,110.76074117915186,"['Christian Duffy', 'Even Sigstad', 'Audrey Brohy']","['Ricky Blitt', 'Gustavo Lencina', 'Joey Sagal']",9,"['Ted Caplan', 'Kevin R.W. Murray', 'Jénel Stevens', 'Bijukumar Damodaran', 'David Wenham', 'Aleks Paunovic', 'Rémi Waterhouse', 'Mitzi Kapture', 'Elodie Codaccioni']",5,"['John Hannah', 'Otto Farrant', 'Maddy Martin', 'Johan Sundberg', 'Erick Avari']",en,2021/04/09,"Frank Corvin, ‘Hawk’ Hawkins, Jerry O'Neill and ‘Tank’ Sullivan were hotdog members of Project Daedalus, the Air Force's test program for space travel, but their hopes were dashed in 1958 with the formation of NASA and the use of trained chimps. They blackmail their way into orbit when Russia's mysterious ‘Ikon’ communications satellite's orbit begins to degrade and threatens to crash to Earth.",Aftab Alamtab,"['father-in-law', 'female artist']","[7.055166666666664, 4.9415, 2.873, 3.179, 3.0718571428571435]","[1.4, 1.38, 1.566, 1.2857142857142858, 2.4610000000000003, 3.965, 1.4, 1.4, 1.38]",1.804190476190476,4.224104761904761,"This Halloween, unleash the Dogg.",http://www.sonypictures.com/movies/spider-man/,Friday Collection
3,Challenging The Swamp,"['Documentary', 'History', 'Music']",Challenging The Swamp,0,2002.0,72.865691450359,"['Pascal Vasselin', 'Mark Street', 'Moara Passoni']","['Steve Pepoon', 'Ford Riley', 'J.G. Quintel']",8,"['Reggie Bannister', 'Chip Mefford', 'Tim Story', 'Baoqiang Wang', 'Eric Cabello', 'Roseanne Barr', 'Daniel Wu', 'Slavko Štimac']",4,"['Crystal Reed', 'Raquel Castro', 'Kevin Hart', 'Jia Ling']",en,2021/04/09,"In the final days of World War II, the Nazis attempt to use black magic to aid their dying cause. The Allies raid the camp where the ceremony is taking place, but not before a demon—Hellboy—has already been conjured. Joining the Allied forces, Hellboy eventually grows to adulthood, serving the cause of good rather than evil.",Delivery System Pictures LLC,"['mother', 'partially lost film']","[6.119200000000001, 3.1628571428571424, 7.186408163265307, 2.611333333333333]","[1.4733333333333334, 1.764, 2.838538461538462, 1.4, 1.3999999999999997, 1.75, 5.308, 1.646]",2.197483974358974,4.769949659863946,The Klumps are back!,None,None
2,Vanish At The Darkness,"['War', 'History']",Vanish At The Darkness,1,2010.0,110.44509724718921,"['Lieven Corthouts', 'Miguel Mirra', 'Inda Reid']","['Nancy Jo Sales', 'Mike Maples', 'Sarah Koskoff']",8,"['Julian Dimsey', 'Jari Halonen', 'Arthur Miller', 'Ward Roberts', 'Annlie Huang', 'Dôri Sakurada', 'Jeremy Sisto', 'Conrad L. Hall']",4,"['Vincenzo Biagi', 'George Segal', 'Masaharu Fukuyama', 'Catherine Annette']",en,2021/04/09,"A 27-year-old amateur playwright with the maturity level of an adolescent reconnects with a childhood friend, and then proceeds to follow him back to Los Angeles and stalk him.",Black Sheep Burrows,"['voyeur', 'fraternity']","[2.944, 2.962, 4.215000000000001, 4.653384615384616]","[1.4, 1.4, 1.6986666666666668, 1.34, 1.4, 1.858, 3.077, 3.669]",1.9803333333333335,3.693596153846155,"Bonjour, y'all",None,Chicken Run Collection
4,Origin Of The Castle,"['Music', 'War', 'Documentary', 'History']",Origin Of The Castle,0,2017.0,82.89385621130444,"['Gagik Ghazerah', 'Jaap van Hoewijk', 'Om Raut']","['Greg A. Sager', 'Nile Evans', 'Alan Glynn']",3,"['Paolo Carenzo', 'Paul J. Alessi', 'Kou Shibasaki']",9,"['Stephanie Van Dyck', 'Nina Hartley', 'Gina Ravera', 'Gabriel Hogan', 'Gülçin Santırcıoğlu', 'Kristen Gutoskie', 'Mercedes Maxwell', 'Annalise Basso', 'Thomas F. Wilson']",en,2021/04/09,"When the corpse of mobster Miguel ""el chino"" Sanabria surfaces, everyone thinks his death is the result of an argument during the heat of the moment. That is, everyone except Officer Ferran (Victor Mayo), who believes something more menacing was at fault. Along with Picasso (Juanko Vellido), the last person to see Sanabria alive, Ferran sets out to find the truth behind the murder -- and learns something about his own destiny in the process.",Extreme Film,"['bravery', 'ancient greece']","[2.42, 6.753999999999999, 4.796, 2.4247142857142854, 4.985714285714287, 2.551, 3.395, 2.51575, 3.843714285714285]","[1.38, 1.3765714285714286, 2.705]",1.8205238095238094,3.7428769841269847,He's Never Been To Earth. He's Never Even Slept Over Some Other Dude's House.,None,Save The Last Dance Collection
2,Answering The Ashes,"['Documentary', 'War']",Answering The Ashes,1,2009.0,101.71062646249054,"['Néjib Belkadhi', 'Peeter Rebane', 'Prashant Pandey']","['Enrique López Lavigne', 'Luz Gabás', 'Patrick Huard']",3,"['Anthony LaPaglia', ""Dan O'Bannon"", 'Neeru Bajwa']",4,"['Gavin MacIver-Wright', 'Joyce Cheng', 'Tim Conway', 'Lisa Emery']",en,2021/04/09,"Illegal boxing promoter Turkish convinces gangster Brick Top to offer bets on bare-knuckle boxer Mickey at his bookie business. When Mickey does not throw his first fight as agreed, an infuriated Brick Top demands another match. Meanwhile, gangster Frankie Four Fingers comes to place a bet for a friend with Brick Top's bookies, as multiple criminals converge on a stolen diamond that Frankie has come to London to sell.",Derek Savage Productions,"['catastrophe', 'used car dealer']","[3.534, 2.8592499999999994, 2.469333333333333, 3.9862]","[2.155, 1.810333333333333, 1.549]",1.838111111111111,3.2121958333333334,"Kill the President, kill the hostages, escape. A great idea!",None,Friday Collection
2,Dead At Secrets,"['Music', 'War']",Dead At Secrets,0,2016.0,89.76877250790373,"['David Hefner', 'Liliana Pertenava', 'Robin Greenspun']","['Madellaine Paxson', 'Jerica Henline', 'Scott Marcano']",5,"['Christina Hodson', 'Sia', 'Orlaith Doherty', 'Pat Proft', 'Gabriel Theis']",5,"['Bob Kane', 'Alan Arkin', 'Paula Pell', 'Louise Jameson', 'Wu Jing']",en,2021/04/09,Mike and Lenny are two buddies who dream of getting out of the trailer park. Out of desperation they resort to burglary as a means of financing Mike's college education. Their dream is jeopardized one summer day when their ploy to shoplift Near Beer begins a crime spree and a series of mishaps during which they are threatened with jail.,Road Pictures,"['torment', 'lebanon']","[3.503, 2.6635999999999997, 3.063, 2.3785, 4.043814814814815]","[2.1265, 2.078, 1.4, 1.624, 1.62]",1.7697000000000003,3.130382962962963,They started something they couldn't end.,None,None
4,Vanish At The Darkness,"['War', 'History', 'Music', 'Documentary']",Vanish At The Darkness,1,2018.0,104.40502632123375,"['Ricardo Colorado', 'Gringo Cardia', 'John Hulme']","['Bobby Farrelly', 'Douglas Schwartz', 'Yôko Kamio']",2,"['Demi Moore', 'Ava DuVernay']",10,"['Joshua Malina', 'Flavio Parenti', 'Eric Balfour', 'Pearle Maaney', 'Bolo Yeung', 'Chris Gann', 'Patton Oswalt', 'Ekaterina Guseva', 'Joe Morton', 'Lauren German']",en,2021/04/09,"Alex, a 28 year-old photographer, is no longer able to photograph people, for some mysterious reason. Every time he focuses his camera on someone, the same woman appears in his viewfinder - an image he cannot bear. When his brother Aram, whom he has not seen or spoke to for years, unexpectedly phones him and asks him to come to their parental home because their mother is severely ill and may not have long to live, he panics. The thought of a confrontation with the area where he grew up and the renewed encounter with his family makes him feel nervous. Nevertheless, that evening he leaves for AmnesiA: the estate of his parents, the spot where he spent his youth.",Friends Festival Films,"['mind control', 'female friendship']","[2.801, 3.1527692307692314, 4.822, 2.888083333333333, 5.555666666666667, 2.3655, 5.392803571428567, 6.060538461538462, 2.395, 10.797]","[7.518, 1.372]",4.445,4.623036126373627,"Every year, one in 700 people wake up during surgery.",http://www.crispinglover.com/whatisit.htm,None
3,Painting The Ships,"['War', 'History', 'Documentary']",Painting The Ships,0,2009.0,77.99193308579348,"['Ben Lowe', 'Neena Nejad', 'Peter Ettedgui']","['Rick Parks', 'Ophelia Harutyunyan', 'Eric Poppen']",8,"['Jsu Garcia', 'Sija Rose', 'Vasilis Karatziva', 'Pablo Bahamóndez', 'Nicola Fiore', 'Pradeep Nair', 'Sergio Assisi', 'Philip Ng']",4,"['Kate Bosworth', 'Luce Caponegro', 'Jessica Szohr', 'Timothy Dalton']",en,2021/04/09,"1969, the first winter after the violent end of the Spring of Prague: 13-year-old Hannah and her crazy young parents land as though on a completely different planet in the German economic wonderland.",Little Bridge Productions,"['las vegas', 'bank']","[4.011, 7.30725, 5.579999999999997, 2.785]","[1.8453333333333333, 1.4, 1.4, 1.4197647058823524, 3.394, 1.46775, 2.188, 2.457]",1.9464810049019607,4.920812499999999,Get a new lease on love,http://www.channellingbaby.co.nz,None
1,Forsaken By My Past,['History'],Forsaken By My Past,1,2008.0,75.55508405257876,"['Kevin Glynn', 'Jojo Pennebaker', 'Murray Lerner']","['Man of Action', 'Emil Stern', 'Blake T. Evans']",7,"['Jeremy Sumpter', 'Philippe Lefebvre', 'Allison Caetano', 'Roberto Manrique', 'Siby K Thomas', 'Cathal Pendred', 'Takehiro Yashiro']",5,"['Mariska Hargitay', 'Emily Kwan Bo-Wai', 'Peter Dobson', 'Essie Davis', 'Samia Duarte']",en,2021/04/09,"A 27-year-old amateur playwright with the maturity level of an adolescent reconnects with a childhood friend, and then proceeds to follow him back to Los Angeles and stalk him.",G.O. Films,"['airplane accident', 'airplane crash']","[6.808333333333333, 3.007249999999999, 3.2426666666666657, 3.688, 4.975666666666666]","[6.417, 1.7519999999999998, 1.38, 2.52, 1.655928571428571, 1.62, 1.96]",2.4721326530612244,4.344383333333332,She's chasing a dream... they're chasing her.,None,Apocalypse Collection
3,Breaking The River,"['War', 'Music', 'Documentary']",Breaking The River,0,2008.0,105.79304710462002,"['Kelrick Martin', 'Alexander Smolowe', 'Luis Ernesto Nava']","['Paul Staheli', 'Jason Friedberg', 'Jacob L. Adams']",4,"['Morgan Freeman', 'Zedric Harris', 'Huang Lei', 'Christel Baras']",6,"['Marie Laurin', 'Nabiha Akkari', 'Marta Flich', 'Taylor Swift', 'KENN', 'Esom']",en,2021/04/09,"A 27-year-old amateur playwright with the maturity level of an adolescent reconnects with a childhood friend, and then proceeds to follow him back to Los Angeles and stalk him.",Dark Dunes Productions,"['flying saucer', 'jorge luis borges']","[4.64, 3.9347142857142874, 2.791, 4.176714285714286, 2.4915000000000003, 5.654214285714284]","[14.390999999999998, 1.4, 2.204, 2.3821538461538463]",5.094288461538461,3.9480238095238094,The Life of the Party... before she got a life.,None,Behind Enemy Lines Collection
2,Answering The Ashes,"['History', 'War']",Answering The Ashes,0,2005.0,85.84917693647316,"['Zed Nelson', 'Adam Samuels', 'Harjit Singh']","['Michael Bond', 'Meang Joo-gong', 'Don Rhymer']",5,"['Alejandro Fadel', 'Winrich Kolbe', 'Holly Keeman', 'Anthony Molinari', 'Sebastian Hofmann']",10,"['Bruce Herbelin-Earle', 'Evgeniya Loza', 'Takeshi Kitano', 'Italia Ricci', 'Olivia Burnette', 'Mia Maria Back', 'Christian Kane', 'Chiara Mastalli', 'Lance E. Nichols', 'Maureen Lipman']",en,2021/04/09,High school student tries to improve soccer skills by practicing dance and falls for his dance partner.,RareForm Pictures,"['love triangle', 'veterinarian']","[3.872, 3.763, 3.27172, 6.718500000000001, 2.516, 3.707, 4.349799999999998, 2.3852857142857142, 2.385857142857143, 2.7778]","[1.3018181818181822, 2.898, 1.4, 3.1573333333333338, 1.2919999999999998]",2.009830303030303,3.5746962857142854,Talent Isn't Everything...,http://www.wkw-inthemoodforlove.com/,The Whole Nine/Ten Yards Collection
1,Wrong About The Apocolypse,['Music'],Wrong About The Apocolypse,0,2013.0,76.36364109567751,"['Brian Mendelssohn', 'Joanne Hock', 'Brian Harley']","['Morgan Land', 'Michael Connelly', 'Kevin Key']",7,"['A.S. Byatt', 'Jojo Dispo', 'Michael Anthony Jackson', 'Allen Hall', 'Josh Schaeffer', 'Marc Messenger', 'Christopher Heskey']",7,"['Emma Fryer', 'Natalie Brown', 'Irrfan Khan', 'Rob Morrow', 'Ray Campbell', 'Jonathan Nolan', 'Alexandra Vino']",en,2021/04/09,"A 27-year-old amateur playwright with the maturity level of an adolescent reconnects with a childhood friend, and then proceeds to follow him back to Los Angeles and stalk him.",Axiom Films,"['gay interest', 'sledgehammer']","[2.623, 2.4610000000000003, 4.025599999999996, 2.8245, 2.554, 2.935, 3.25525]","[1.4, 1.4, 1.4, 1.954, 1.2857142857142858, 1.4, 1.96]",1.542816326530612,2.9540499999999996,This summer it's not the same old bull.,http://corpsebridemovie.warnerbros.com/,Essex Boys
3,Battling In My Enemies,"['History', 'Music', 'Documentary']",Battling In My Enemies,1,2002.0,73.33386946886733,"['Jonathan Abdilla', 'Benjamin Greené', 'Taylor Swift']","['Chris Spain', 'Michael Alexander Miller', 'Natalie Krinsky']",8,"['Franco Ferrini', 'Bill Berg', 'Kelci C. Magel', 'Keoni Waxman', 'Rachael Speke', 'Chuck Pfarrer', 'Nancy Bellany', 'Robert Almodovar']",7,"['Magdalena Berus', 'Senta Berger', 'Clara Paget', 'Missi Pyle', 'Liu Shishi', 'Luke Roessler', 'Elizabeth Olsen']",en,2021/04/09,The lead singer of an oldies group reminisces about the good ol' days and a potential comeback.,5459 Films,"['bong', 'good versus evil']","[2.7105, 5.2224, 2.4935, 7.057140000000001, 4.289666666666666, 8.666, 20.529000000000003]","[1.3460000000000003, 1.4, 1.4, 1.7467142857142863, 2.468333333333333, 2.063, 1.686, 1.4]",1.6887559523809523,7.281172380952382,Close Friends... Dark Secrets... The Brutal Truth,http://www.yahooserious.com/accident/,Highlander Collection
2,Breaking The River,"['Documentary', 'History']",Breaking The River,0,2010.0,108.51547091755926,"['Isabelle Berteletti', 'Gil Reyes', 'Bo Burnham']","['Lizzie Bryant', 'Brian C. Brown', 'Jonathan Terrio']",8,"['Guy Pearce', 'Mars Horodyski', 'Fernando Guillén Cuervo', 'Cory Bowles', 'Richard Price', 'Mark Peterson', 'Christian Görlitz', 'Skip Lievsay']",4,"['Elton John', 'Ray Romano', 'Cecil B. DeMille', 'Audrey Esparza']",en,2021/04/09,Net Worth details the serio-comic story of four friends who learn the value of friendship as they embark on a thirty day contest to achieve the highest net worth in a new city with no cash and no connections.,HighlightsNepal,"['hacking', 'virginity']","[4.156615384615384, 4.865058823529411, 2.491, 3.165]","[9.104, 1.528, 1.3999999999999997, 1.712, 1.3999999999999997, 1.4, 1.4, 1.5137999999999994]",2.432225,3.6694185520361984,A story about finding the perfect woman... and trying desperately to give her back.,http://www.newline.com/properties/knockaroundguys.html,The Mummy Collection
2,Praised By My Nightmares,"['Documentary', 'War']",Praised By My Nightmares,1,2001.0,100.91455243145144,"['Gethin Aldous', 'Tricia Regan', 'Jesse Zook Mann']","['Marc Conklin', 'Signe Olynyk', 'Ken LaZebnik']",1,['Vince Marcello'],10,"['Marta Etura', 'Sterling Knight', 'Clancy Brown', 'Brad Pitt', 'Ky Discala', 'Claire Sermonne', 'Eric Allan Kramer', 'Miguel Varoni', 'Mimi Kuzyk', 'Kirsten Halborg']",en,2021/04/09,Three women outsmart unsavory men who try to cheat them out of their take in an almost-botched casino heist.,Académie Franco-Russe du Cinéma,"['aging', 'young couple']","[7.292000000000001, 3.0684285714285715, 10.9905, 17.415000000000003, 4.75, 2.621, 3.794428571428572, 2.4346666666666668, 3.907888888888888, 5.843]",[2.80525],2.80525,6.21169126984127,America is test-driving the future,None,X-Men Collection
4,Battling In My Enemies,"['Music', 'History', 'War', 'Documentary']",Battling In My Enemies,1,2015.0,91.03173646907427,"['Armando Luis Alvarez', 'Florian Borchmeyer', 'Alejandro Gallo Bermudez']","['Karl Mueller', 'Zal Batmanglij', 'Wade Cummins']",8,"['Denzel Washington', 'Casey Eash', 'Wentworth Miller', 'Chuck Russell', 'Mammootty', 'Patrick Mille', 'Özgür Özberk', 'Vijay Yesudas']",6,"['Belinda Gavin', '菜々緒Nanao', 'Miriam McDonald', 'Molly Ringwald', 'Katrina Begin', 'Dom DeLuise']",en,2021/04/09,"Fact-based story about Irish crime-investigating reporter Sinead Hamilton, who invaded the Irish underworld and attempted to expose the illegitimate activities she found. Hampered by the system, a police consort is ineffectual at aiding her despite trying to step outside of the normal bounds. Kevin McNally plays her husband, who hates her activities and the danger in which she places herself. Nonetheless, he grudgingly admires her persistence and encourages her investigation.",Sweet Unknown Studios,"['investigation', 'cholo']","[3.584, 3.2109999999999994, 3.6295, 4.523499999999999, 2.482666666666667, 2.478]","[18.21177777777778, 1.4, 3.466, 2.063, 5.53, 1.996, 1.62, 1.4621372549019618]",4.4686143790849675,3.3181111111111115,This summer it's not the same old bull.,None,Spirit Collection
1,Searching At The Void,['Music'],Searching At The Void,0,2015.0,87.68733347158363,"['Shahidul Islam Khokon', 'Jean-Pierre Thorn', 'Raju Murugan']","['Will Matthews', 'Dai Satô', 'Patricia Beauchamp']",4,"['Peter Schønau Fog', 'Lindsay Lohan', 'Frank Drank', 'Flip van der Kuil']",4,"['Khleo Thomas', 'Chae Soo-bin', 'Dakota Goyo', 'Lily Collins']",en,2021/04/09,"Ordinary single girl Amanda Pierce unexpectedly finds herself sharing an awesome Manhattan apartment with four sexy supermodels. Determined to bring Amanda into their world, the models give her the ultimate makeover. The plan works fabulously as Amanda connects with next door charmer Jim Winston. That is, until one night...","H2L Media ""AKA"" Mutual Film Company","['surgery', 'cynical']","[4.138727272727272, 6.348333333333334, 3.4522, 7.663533333333333]","[1.31, 4.888, 1.339, 2.16725]",2.4260625000000005,5.400698484848484,They were on opposite sides of the law... Till now!,http://www.berlin-calling.de/,Shanghai Noon Collection
2,Leading Nature,"['History', 'Music']",Leading Nature,1,2005.0,70.97915571082127,"['Simon Lereng Wilmont', 'R.B. Russell', 'Adriano Aprà']","['Pablo F. Fenjves', 'Drew Stewart', 'James V. Hart']",8,"['Jim Varney', 'Martha Coolidge', 'Duke Faeger', 'Ben Cooke', 'Guillaume DeLouche', 'Liberto Rabal', 'Sean H. Stewart', 'Brinda Prasad']",6,"['Çağla Demir', 'Britt Robertson', 'Lee Na-young', 'Emma Watson', 'Chris McNally', 'Frankie Chan']",en,2021/04/09,"When odd reports are received through official channels stating that the President of the United States is being held captive on a secret international moon base called Vegan and that he has been replaced on Earth by a clone, the US Marshall Service immediately sends their 'best' man, Dix, on the mission.",Change for Balance,"['romance', 'erotic thriller']","[2.744, 10.454769230769234, 5.085636363636363, 11.804999999999998, 3.748, 3.048666666666667]","[1.618, 1.4733333333333334, 1.4, 1.7111250000000005, 1.3939090909090908, 1.4, 1.4, 1.4]",1.474545928030303,6.1476787101787105,Sex and Drugs before Rock and Roll,http://www.universalstudiosentertainment.com/children-of-men/,Shaft (Reboot) Collection
3,Confessions Of My Destiny,"['Documentary', 'Music', 'History']",Confessions Of My Destiny,1,2006.0,97.34376910152137,"['Raghuvir Joshi', 'Ryan Ritchey', 'Abhirup Ghosh']","['Julián Pastor', 'Maninder Chana', 'Tom Bissell']",4,"['Robin Hill', 'Kai Koch', 'John B. Root', 'Anne Fletcher']",5,"['Sala Baker', 'Caitlin Thompson', 'Elyse Willems', 'Faithe Herman', 'Fiammetta Baralla']",en,2021/04/09,A woman and her son must leave a small South Carolina town because of her wild behavior.,Lime Studios,"['unwanted pregnancy', 'bank robbery']","[6.751249999999999, 5.891333333333333, 4.304, 2.7260000000000004, 2.734]","[1.38, 1.6294285714285717, 1.96, 1.3967500000000004]",1.591544642857143,4.481316666666666,A Serial Killer Is On The Loose,http://www.u-571.com/,None
2,Dead At Secrets,"['War', 'Music']",Dead At Secrets,1,2012.0,103.26568595063114,"['Daniel Dangl', 'Habibul Islam Habib', 'Cheryl Dunn']","['David Ebeltoft', 'Jasper Fforde', 'Clay Ayers']",9,"['Ori Sivan', 'Lauren Ambrose', 'Samantha Armstrong', 'Jeremy Davidson', 'Eitan Reuven', 'Nandita Das', 'Bruce Fontaine', 'Alec Bartsch', 'Jan Holzner']",7,"['Danna García', 'Niles Fitch', 'Jared Scott', 'Carmen Vera', 'Hugo Becker', 'Ian Anthony Dale', 'Joseph Zeng']",en,2021/04/09,An American army intelligence officer discovers corruption and murder by American soldiers in Vietnam.,LaLa Films!,"['smuggling', 'wristwatch']","[3.836, 2.426333333333333, 5.842599999999999, 3.929, 2.5880000000000005, 2.6612, 6.257]","[1.4, 2.996, 1.932, 1.284, 1.38, 1.476, 1.4, 1.62, 1.4]",1.6542222222222223,3.9343047619047615,Same Planet. New Scum.,http://movies.warnerbros.com/spacecowboys/index.html,None
1,Battling In The Moon,['Documentary'],Battling In The Moon,1,2020.0,79.58712476040077,"['Eric Becker', 'Jeremy Fourteau', 'Gulistan Mirzaei']","['Ol Parker', 'Nicole Perlman', 'Bernardo Rao']",9,"['Tamara Birkemoe', 'Miloš Biković', 'Julia Becker', 'Meredith Zamsky', 'Maria Bello', 'Tonino Cervi', 'Paco Cabezas', 'Kazuhide Tomonaga', 'Ron Stallworth']",4,"['Olivia Sanabia', 'Stephanie Lynn Styles', 'Damon Hines', 'Nick Zano']",en,2021/04/09,Continuing adventures of Huang Fei-hong as he becomes as living legend.,AOPL Entertainment,"['millionaire', 'film in film']","[4.528, 3.046, 2.826, 6.441]","[1.4, 3.869, 1.4, 1.96, 7.526, 1.4, 1.4276, 1.3549999999999998, 1.38]",2.413066666666667,4.21025,They were on opposite sides of the law... Till now!,http://www.bbc.co.uk/corporate2/bbcfilms/film/maybe_baby,Fortress Collection
3,Screams In Myself,"['Documentary', 'War', 'History']",Screams In Myself,0,2018.0,79.91655014061922,"['Xan Aranda', 'David Basso', 'Laurent Cibien']","['Sean Dulake', 'Phil Beauman', 'Christopher Bond']",4,"['Jeff Dylan Graham', 'Mark Kupenga', 'Baburaj', 'Dmitriy Bogdan']",9,"['Michael Dorman', 'Serhat Teoman', 'Sofia Lesaffre', 'Esmeralda Pimentel', 'Edward Ma', 'Kenan Thompson', 'Liza Snyder', 'Gökçe Eyüboğlu', 'J. C. MacKenzie']",en,2021/04/09,"Although Harry and Lisa have a happy marriage, their sex life is rather boring. And it's not just the fact that Lisa is overly prudish. One day Harry collides with attractive Jessica, who works as a dominatrix, and a passionate affair between them ignites. Lisa begins to tempt their neighbors, Bill and Kiki. However, the situation suddenly escalates when a chance encounter with Lisa and Jessica when they shared a dinner bill.",Film 101 Productions,"['robot cop', 'cave']","[4.723333333333334, 4.617, 6.271199999999999, 5.544, 2.423, 3.8845, 3.32, 8.998, 4.196000000000001]","[1.566, 1.932, 1.596, 1.4]",1.6235,4.886337037037036,"No rules, no schools & no more adults",None,The Cell Collection
1,Death At The Nation,['War'],Death At The Nation,0,2015.0,116.95390914995593,"['Anjali Nayar', 'Barnaby Miller', 'Glenne McElhinney']","['David Fraser', 'Doug Wolfe', 'Joanne Harris']",2,"['Sidney Lumet', 'Nat Wolff']",7,"['Alexa Davalos', 'F. Murray Abraham', 'Susan George', 'Motoki Fukami', 'Alexa Maria Surholt', 'Winnie Leung', 'Mahershala Ali']",en,2021/04/09,"A nobleman with a literary flair, the Marquis de Sade lives in a madhouse where a beautiful laundry maid smuggles his erotic stories to a printer, defying orders from the asylum's resident priest. The titillating passages whip all of France into a sexual frenzy, until a fiercely conservative doctor tries to put an end to the fun.",Enduring Freedom Productions,"['chinatown', 'insurgence']","[5.097, 6.26633333333333, 3.4410000000000003, 3.514363636363636, 2.644, 4.161600000000002, 5.1255]","[3.636, 3.7455]",3.69075,4.321399567099566,The only one who knows can't be trusted and is losing her mind...,http://www.jvim.com/apocalypse3/,None
1,Travel To The Ships,['Documentary'],Travel To The Ships,1,2004.0,76.78033134570413,"['Pedro Jorge', 'Chelsea Christer', 'Badran Roy Badran']","['Nate Estabrooks', 'Mohamedou Ould Slahi', 'Karen Schaler']",5,"['Nobuhiko Okamoto', 'Aleksandr Demidov', 'Hitoshi Matsumoto', 'Tom Waits', 'Patricia Klawonn']",7,"['Amiah Miller', 'Barbara Niven', 'Sensi Pearl', 'Jess Harnell', 'Dennis Hopper', 'Miki Ito', 'Téa Leoni']",en,2021/04/09,"A group of film students set out to finish filming a movie that was never completed after its director was murdered. After they begin filming, they realize they're in for a bit of trouble, not unlike the late director...",Claussen+Putz Filmproduktion,"['pakistan', 'european']","[7.040500000000001, 4.058692307692307, 5.722, 2.947714285714286, 3.475803278688524, 3.353, 6.849000000000003]","[8.105, 1.4, 1.49125, 1.865, 1.34]",2.84025,4.7781014102993025,Sex and Drugs before Rock and Roll,http://www.ballardian.com/weiss-atrocity-exhibition-review,None
1,Forsaken By My Past,['Documentary'],Forsaken By My Past,1,2007.0,89.87245512382323,"['Tang Shi', 'Hong-jin Na', 'Ariadne Asimakopoulos']","['Jane Anderson', 'Jennie Marie Pacelli', 'Paul Lazar']",9,"['Thomas J. Wright', 'Jeff Goodwin', 'Alan Sharp', 'Yoshihiro Nishimura', 'Angelina Jolie', 'Francie Brown', 'Anton Drozdov', 'Jared Martin', 'Raita Kuramoto']",10,"['Carey Mulligan', 'Brian Dennehy', 'Josh Ventura', 'Sadie Belle', 'Ashley Eckstein', 'Drew Barrymore', 'Billy Connolly', 'He Hongshan', 'Kazuhiko Inoue', 'Xue Zhiqian']",en,2021/04/09,"A desperado named Reo is killed by the police. When he goes to hell, the devil gives him a second chance to live. After returning to the living world, he looks for redemption. But soon he finds out that the devil has played dirty with him.",Pauline's Angel,"['drug addiction', 'police brutality']","[8.58111111111111, 3.689500000000001, 2.5652222222222223, 5.382, 2.474166666666666, 10.060600000000004, 5.637769230769231, 5.159, 5.075869565217393, 3.8]","[2.435, 1.3999999999999997, 1.4, 1.3907647058823531, 9.017090909090909, 1.382, 1.38, 1.321, 1.467]",2.354761734997029,5.242523879598663,Same Planet. New Scum.,http://www.brockovich.com/movie.html,None
3,Rejecting My Family,"['War', 'History', 'Documentary']",Rejecting My Family,1,2009.0,116.90702488140732,"['James Reid', 'Ryan Caraway', 'Erik Cimon']","['Howard Franklin', 'Billy Kimball', 'Steve Armour']",8,"['Louis Gonzales', 'Dai Ejiri', 'Mark Isham', 'Jennifer Stanfield', 'Erode Soundar', 'Sebastian Schipper', 'Helena Card', 'Michael Anthony Jackson']",8,"['Chris McNally', 'Zoe Chao', 'Çağla Demir', 'Wanda Lust', 'Elliott Hanna', 'Gupse Özay', 'Roberta Gemma', 'Hannah Nordberg']",en,2021/04/09,"Valentine Casey is a Marshal in the desolate Tucson territory of the early 1900s. On Christmas Eve, his outlaw family pays him a disturbing visit. He must confront the sins of his past. He and his partner, U.S. Christmas, journey through the desert to a small town that the ruthless Henry Clan has hit in order to save Casey's love, Adelyne.",C4 Productions,"['computer animation', 'lucifer']","[3.748, 2.6636, 2.744, 2.369, 3.576, 5.5818, 7.671000000000001, 3.7695]","[1.4, 1.4, 1.3542857142857136, 1.6100000000000003, 2.507, 1.5656, 1.4, 1.4]",1.5796107142857143,4.0153625,“I enjoyed it and found it very interesting and quite well made.” – Martin Scorsese,http://www.lagaan.com,Hollow Man Collection
4,Binding To The Hunter,"['History', 'Music', 'War', 'Documentary']",Binding To The Hunter,1,2004.0,106.00203438499413,"['Kate McLean', 'R. Scott Leisk', 'Sean Patrick Crowell']","['Tom Nursall', 'Ercan Mehmet Erdem', 'Ken Rance']",9,"['Madelaine Petsch', 'Phil Allchin', 'Maxine Peake', 'Christa Lang', 'Evan Glodell', 'Niki Karimi', 'Brandon Trost', 'Veronica Hart', 'Hideaki Anno']",10,"['Irene Wan', 'Kristina Anapau', 'Akeno Watanabe', 'Brian Hallisay', 'Guy Pearce', 'Yuri Kolokolnikov', 'Melinda Clarke', 'Maria Ford', 'Sevcan Yaşar', 'Wendie Malick']",en,2021/04/09,"Although Harry and Lisa have a happy marriage, their sex life is rather boring. And it's not just the fact that Lisa is overly prudish. One day Harry collides with attractive Jessica, who works as a dominatrix, and a passionate affair between them ignites. Lisa begins to tempt their neighbors, Bill and Kiki. However, the situation suddenly escalates when a chance encounter with Lisa and Jessica when they shared a dinner bill.",Máquina de Películas,"['keks', 'invisible person']","[6.825666666666667, 3.294, 3.155333333333333, 3.069, 7.443787234042545, 6.921413793103451, 3.465, 2.964, 6.145, 6.067749999999999]","[13.254, 1.4, 1.708, 1.4, 1.5455, 1.6489999999999998, 1.3569599999999995, 7.449, 2.016777777777778]",3.5310264197530863,4.935095102714599,Sex and Drugs before Rock and Roll,http://www.ballardian.com/weiss-atrocity-exhibition-review,MVP
3,Smiles In The Forest,"['War', 'Documentary', 'History']",Smiles In The Forest,0,2009.0,93.7137017229054,"['Phillip Galloway', 'Susan Sfarra', 'Diane Glancy']","['Edgar Karapetyan', 'Tony McNamara', 'Su Xiao-Wei']",7,"['Ingrid Isensee', 'Darren Swimmer', 'Amy Lippens', 'Robert Louis Stevenson', 'Roselyn Sánchez', 'Beyoncé', 'Mario Zvan']",4,"['Haviland Morris', 'Eve Mauro', 'Cameron Diaz', 'Steven Seagal']",en,2021/04/09,"A biography of artist Frida Kahlo, who channeled the pain of a crippling injury and her tempestuous marriage into her work.",Marta Esteban,"['murder hunt', 'energy supply']","[2.79, 4.864599999999999, 7.070156249999998, 6.687142857142859]","[1.96, 1.411, 1.3250000000000002, 1.31, 3.816, 7.805, 1.38]",2.715285714285714,5.3529747767857145,"Passion, Betrayal, Revenge, A hostile takeover is underway.",http://film.britishcouncil.org/when-the-sky-falls,None
3,Confessions Of The Country,"['History', 'War', 'Documentary']",Confessions Of The Country,0,2011.0,90.01805649442191,"['Wari OM', 'Ivan Proskuryakov', 'vagabond Beaumont']","['Rob Kowsaluk', 'Stanislas Carré de Malberg', 'Olivia Silver']",4,"['Willeke van Ammelrooy', 'Aaron Poole', 'Claudia Martini', 'Zoe Lister-Jones']",5,"['Jaime Murray', 'Serinda Swan', 'Bojana Novaković', 'Carlos Librado ""Nene""', 'Clarisse Lhoni-Botte']",en,2021/04/09,"A Jewish woman named Jettel Redlich flees Nazi Germany with her daughter Regina, to join her husband, Walter, on a farm in Kenya. At first, Jettel refuses to adjust to her new circumstances, bringing with her a set of china dishes and an evening gown. While Regina adapts readily to this new world, forming a strong bond with her father's cook, an African named Owuor.",9 Light Entertainment,"['interracial relationship', 'lover (female)']","[5.218857142857142, 4.58990909090909, 6.060588235294119, 2.456, 3.648]","[1.96, 2.5835, 1.4, 2.8985]",2.2105,4.39467089381207,everything changes....,https://www.miramax.com/movie/the-yards,The Princess and the Pea
